user_id,signup_date,last_active_date,listening_days,skips,liked_songs,canceled
user_1,2025-05-04,2025-07-24,23,23,8,0
user_2,2025-07-10,2025-07-24,75,20,47,0
user_3,2025-07-21,2025-07-24,34,47,26,0
user_4,2025-06-19,2025-07-24,5,83,33,0
user_5,2025-06-23,2025-07-24,14,157,7,0
user_6,2025-06-26,2025-07-24,77,196,47,0
user_7,2025-07-07,2025-07-24,56,150,4,0
user_8,2025-07-11,2025-07-24,45,78,30,0
user_9,2025-04-29,2025-07-24,41,117,28,0
user_10,2025-05-16,2025-07-24,56,36,49,0
user_11,2025-07-13,2025-07-24,78,124,23,0
user_12,2025-05-10,2025-07-24,66,181,32,0
user_13,2025-05-31,2025-07-24,15,82,37,0
user_14,2025-07-20,2025-07-24,50,184,6,0
user_15,2025-07-21,2025-07-24,74,108,28,0
user_16,2025-07-13,2025-07-24,25,74,32,0
user_17,2025-06-27,2025-07-19,33,133,14,1
user_18,2025-06-25,2025-07-24,6,143,39,0
user_19,2025-05-21,2025-07-24,56,131,2,0
user_20,2025-05-08,2025-07-24,1,117,46,0
user_21,2025-07-21,2025-07-24,67,25,50,0
user_22,2025-05-14,2025-06-20,69,158,42,1
user_23,2025-06-29,2025-07-24,88,15,33,0
user_24,2025-05-02,2025-07-24,86,115,19,0
user_25,2025-04-26,2025-07-24,26,193,29,0
user_26,2025-05-16,2025-07-24,47,87,41,0
user_27,2025-06-01,2025-07-24,56,159,1,0
user_28,2025-06-26,2025-07-24,9,69,3,0
user_29,2025-05-28,2025-07-26,86,11,30,1
user_30,2025-05-10,2025-07-24,43,28,25,0
user_31,2025-06-19,2025-07-24,80,63,27,0
user_32,2025-07-24,2025-07-24,41,177,43,0
user_33,2025-07-04,2025-07-24,85,152,6,0
user_34,2025-04-26,2025-07-24,16,155,31,0
user_35,2025-05-31,2025-07-05,39,10,45,1
user_36,2025-06-11,2025-08-14,65,200,28,1
user_37,2025-06-19,2025-07-24,40,177,4,0
user_38,2025-07-05,2025-07-24,86,73,5,0
user_39,2025-06-27,2025-07-24,53,152,20,0
user_40,2025-06-11,2025-07-24,42,15,38,0
user_41,2025-07-11,2025-07-20,52,200,9,1
user_42,2025-07-13,2025-07-24,90,198,4,0
user_43,2025-06-06,2025-07-24,38,49,8,0
user_44,2025-07-12,2025-07-24,71,125,17,0
user_45,2025-06-09,2025-07-24,17,137,39,0
user_46,2025-06-10,2025-06-27,25,171,40,1
user_47,2025-05-08,2025-07-24,54,118,37,0
user_48,2025-06-21,2025-07-24,86,76,35,0
user_49,2025-07-19,2025-07-24,49,51,45,0
user_50,2025-05-27,2025-07-26,87,154,20,1
user_51,2025-05-17,2025-07-24,23,116,24,0
user_52,2025-07-09,2025-07-24,79,167,38,0
user_53,2025-06-06,2025-07-11,73,130,33,1
user_54,2025-07-14,2025-07-27,39,28,18,1
user_55,2025-05-15,2025-07-24,52,125,29,0
user_56,2025-06-17,2025-07-24,71,94,32,0
user_57,2025-05-05,2025-07-24,1,109,38,0
user_58,2025-05-06,2025-07-24,39,90,27,0
user_59,2025-06-08,2025-07-24,37,87,6,0
user_60,2025-05-12,2025-06-07,27,176,50,1
user_61,2025-06-30,2025-07-24,56,31,44,0
user_62,2025-04-25,2025-07-24,75,46,7,0
user_63,2025-07-16,2025-07-31,78,89,41,1
user_64,2025-07-19,2025-07-24,84,110,41,0
user_65,2025-05-01,2025-07-24,42,182,49,0
user_66,2025-06-25,2025-07-24,60,131,35,0
user_67,2025-06-17,2025-07-09,57,78,46,1
user_68,2025-07-14,2025-07-24,57,174,13,0
user_69,2025-06-25,2025-07-24,87,107,27,0
user_70,2025-07-12,2025-07-18,28,199,28,1
user_71,2025-06-06,2025-07-24,66,145,14,0
user_72,2025-06-19,2025-07-24,61,14,26,0
user_73,2025-05-27,2025-06-11,22,121,21,1
user_74,2025-05-04,2025-07-24,85,27,29,0
user_75,2025-06-08,2025-07-24,11,85,25,0
user_76,2025-07-04,2025-07-24,37,69,26,0
user_77,2025-06-07,2025-07-24,66,87,46,0
user_78,2025-06-09,2025-07-24,85,34,6,0
user_79,2025-06-28,2025-07-31,82,108,20,1
user_80,2025-04-30,2025-07-24,80,136,27,0
user_81,2025-06-20,2025-07-02,43,5,20,1
user_82,2025-04-26,2025-07-24,12,173,42,0
user_83,2025-04-28,2025-07-24,31,143,16,0
user_84,2025-05-03,2025-07-24,87,123,23,0
user_85,2025-07-15,2025-07-24,40,110,9,0
user_86,2025-05-08,2025-07-24,29,18,43,0
user_87,2025-05-04,2025-07-24,26,53,30,0
user_88,2025-07-03,2025-07-24,19,137,4,0
user_89,2025-05-17,2025-07-24,4,97,5,0
user_90,2025-06-23,2025-07-24,6,164,5,0
user_91,2025-07-04,2025-07-05,32,198,5,1
user_92,2025-05-26,2025-07-24,61,132,27,0
user_93,2025-06-06,2025-07-24,79,165,6,0
user_94,2025-06-20,2025-07-24,10,118,47,0
user_95,2025-05-04,2025-07-24,59,199,47,0
user_96,2025-04-27,2025-07-24,54,18,23,0
user_97,2025-05-14,2025-07-24,81,57,8,0
user_98,2025-06-26,2025-07-24,74,73,35,0
user_99,2025-04-28,2025-05-22,25,145,3,1
user_100,2025-06-13,2025-07-24,90,38,37,0
user_101,2025-07-17,2025-07-24,50,78,35,0
user_102,2025-06-25,2025-08-08,64,117,35,1
user_103,2025-07-20,2025-07-24,52,183,21,0
user_104,2025-06-14,2025-07-24,32,129,42,0
user_105,2025-06-03,2025-07-24,19,36,7,0
user_106,2025-06-20,2025-07-24,84,12,26,0
user_107,2025-07-16,2025-07-24,89,166,22,0
user_108,2025-06-27,2025-06-28,1,160,42,1
user_109,2025-05-13,2025-07-24,14,66,48,0
user_110,2025-06-14,2025-07-24,55,186,27,0
user_111,2025-06-27,2025-07-24,29,45,46,0
user_112,2025-05-02,2025-05-21,23,84,3,1
user_113,2025-05-22,2025-08-17,90,146,18,1
user_114,2025-06-04,2025-06-29,67,8,38,1
user_115,2025-05-03,2025-07-24,60,146,19,0
user_116,2025-05-27,2025-07-24,7,109,22,0
user_117,2025-07-06,2025-07-24,72,28,6,0
user_118,2025-06-21,2025-07-24,32,62,36,0
user_119,2025-07-07,2025-07-24,16,34,32,0
user_120,2025-06-23,2025-07-24,59,123,13,0
user_121,2025-05-14,2025-05-20,18,35,9,1
user_122,2025-05-17,2025-07-24,60,170,42,0
user_123,2025-06-21,2025-07-24,86,44,30,0
user_124,2025-05-11,2025-07-24,68,132,14,0
user_125,2025-05-31,2025-07-24,72,188,6,0
user_126,2025-05-11,2025-07-02,77,79,22,1
user_127,2025-06-03,2025-07-24,41,135,35,0
user_128,2025-06-08,2025-07-24,57,185,23,0
user_129,2025-06-26,2025-07-24,79,74,7,0
user_130,2025-07-07,2025-07-24,65,111,48,0
user_131,2025-05-20,2025-07-24,55,128,17,0
user_132,2025-05-22,2025-07-24,71,125,36,0
user_133,2025-07-13,2025-07-24,58,67,14,0
user_134,2025-07-18,2025-07-24,21,121,27,0
user_135,2025-07-10,2025-07-24,61,146,35,0
user_136,2025-07-05,2025-07-24,58,42,49,0
user_137,2025-05-05,2025-07-24,34,103,39,0
user_138,2025-07-04,2025-07-24,32,53,39,0
user_139,2025-04-28,2025-06-22,82,158,43,1
user_140,2025-05-31,2025-07-24,36,135,41,0
user_141,2025-05-09,2025-07-24,67,196,35,0
user_142,2025-07-16,2025-07-24,63,39,1,0
user_143,2025-06-05,2025-07-24,81,22,38,0
user_144,2025-06-06,2025-06-23,31,75,42,1
user_145,2025-05-09,2025-07-24,36,111,44,0
user_146,2025-05-26,2025-07-24,57,92,17,0
user_147,2025-05-18,2025-05-24,10,134,1,1
user_148,2025-06-22,2025-07-24,37,73,11,0
user_149,2025-05-15,2025-07-24,31,5,17,0
user_150,2025-07-23,2025-07-24,35,77,44,0
user_151,2025-04-28,2025-05-04,43,190,48,1
user_152,2025-07-10,2025-07-24,41,81,19,0
user_153,2025-04-28,2025-07-24,70,155,21,0
user_154,2025-05-17,2025-07-24,11,153,22,0
user_155,2025-06-20,2025-07-24,18,173,0,0
user_156,2025-05-03,2025-07-24,20,130,11,0
user_157,2025-06-11,2025-07-24,30,43,9,0
user_158,2025-07-10,2025-08-05,50,119,36,1
user_159,2025-06-17,2025-07-24,89,142,42,0
user_160,2025-05-30,2025-07-24,20,128,25,0
user_161,2025-07-04,2025-07-24,28,93,4,0
user_162,2025-05-27,2025-07-24,9,90,9,0
user_163,2025-07-24,2025-07-24,54,146,47,0
user_164,2025-06-21,2025-08-03,53,200,40,1
user_165,2025-05-21,2025-07-24,43,144,1,0
user_166,2025-07-02,2025-07-24,70,101,5,0
user_167,2025-05-21,2025-05-28,60,121,47,1
user_168,2025-07-11,2025-07-23,54,87,33,1
user_169,2025-05-05,2025-07-24,8,53,13,0
user_170,2025-06-16,2025-07-24,27,183,24,0
user_171,2025-05-04,2025-07-24,54,66,26,0
user_172,2025-05-21,2025-07-24,50,151,29,0
user_173,2025-05-08,2025-07-24,75,103,21,0
user_174,2025-06-29,2025-07-24,90,64,10,0
user_175,2025-07-05,2025-07-24,3,110,23,0
user_176,2025-06-07,2025-07-24,74,16,19,0
user_177,2025-07-04,2025-07-24,49,86,46,0
user_178,2025-05-16,2025-07-24,62,195,20,0
user_179,2025-05-18,2025-07-24,1,126,49,0
user_180,2025-07-24,2025-07-24,46,185,36,0
user_181,2025-05-09,2025-07-24,39,102,38,0
user_182,2025-06-13,2025-07-24,50,103,5,0
user_183,2025-05-23,2025-06-01,54,174,3,1
user_184,2025-07-22,2025-07-24,69,171,9,0
user_185,2025-07-10,2025-07-24,70,43,10,0
user_186,2025-06-08,2025-07-24,78,131,48,0
user_187,2025-06-15,2025-07-24,29,14,39,0
user_188,2025-06-24,2025-07-24,63,37,3,0
user_189,2025-07-17,2025-07-24,29,133,43,0
user_190,2025-06-24,2025-07-24,35,156,5,0
user_191,2025-05-13,2025-07-24,56,89,17,0
user_192,2025-07-14,2025-07-24,63,30,28,0
user_193,2025-07-14,2025-07-24,4,117,42,0
user_194,2025-05-23,2025-07-24,50,30,27,0
user_195,2025-07-16,2025-08-16,44,139,31,1
user_196,2025-05-17,2025-07-24,86,121,38,0
user_197,2025-07-08,2025-07-24,87,8,28,0
user_198,2025-07-08,2025-07-24,52,189,26,0
user_199,2025-05-01,2025-07-24,22,41,17,0
user_200,2025-05-25,2025-06-15,60,109,13,1
user_201,2025-05-15,2025-07-24,17,172,48,0
user_202,2025-07-03,2025-07-24,80,44,32,0
user_203,2025-06-21,2025-07-24,69,24,7,0
user_204,2025-05-18,2025-07-24,4,125,22,0
user_205,2025-05-08,2025-05-24,51,72,27,1
user_206,2025-05-31,2025-07-24,76,91,7,0
user_207,2025-06-27,2025-07-24,73,164,18,0
user_208,2025-05-16,2025-07-24,85,182,43,0
user_209,2025-04-27,2025-07-24,4,106,43,0
user_210,2025-06-29,2025-07-24,11,171,37,0
user_211,2025-06-15,2025-07-24,83,25,31,0
user_212,2025-06-03,2025-07-24,55,89,33,0
user_213,2025-04-30,2025-07-24,18,177,42,0
user_214,2025-05-02,2025-05-03,60,141,19,1
user_215,2025-06-07,2025-07-24,24,102,2,0
user_216,2025-05-29,2025-06-01,7,86,14,1
user_217,2025-05-19,2025-07-24,34,165,25,0
user_218,2025-05-28,2025-06-22,49,188,38,1
user_219,2025-07-09,2025-07-24,42,199,3,0
user_220,2025-06-23,2025-07-24,28,129,0,0
user_221,2025-06-26,2025-07-24,59,143,13,0
user_222,2025-07-16,2025-07-24,42,14,19,0
user_223,2025-06-11,2025-07-24,44,163,13,0
user_224,2025-07-22,2025-08-07,49,22,49,1
user_225,2025-05-10,2025-07-24,36,65,8,0
user_226,2025-05-15,2025-07-24,54,166,48,0
user_227,2025-06-25,2025-07-24,33,180,16,0
user_228,2025-05-10,2025-07-24,11,78,18,0
user_229,2025-06-26,2025-07-24,61,63,20,0
user_230,2025-07-24,2025-07-24,3,196,7,0
user_231,2025-07-15,2025-09-11,70,28,0,1
user_232,2025-04-25,2025-07-24,7,116,31,0
user_233,2025-05-05,2025-07-24,45,30,47,0
user_234,2025-07-17,2025-07-24,29,199,27,0
user_235,2025-06-25,2025-07-24,84,167,11,0
user_236,2025-07-16,2025-07-24,9,185,8,0
user_237,2025-07-20,2025-07-24,84,30,24,0
user_238,2025-06-12,2025-07-24,6,118,34,0
user_239,2025-07-15,2025-07-24,4,47,45,0
user_240,2025-05-20,2025-06-07,32,182,14,1
user_241,2025-06-24,2025-07-24,26,81,32,0
user_242,2025-06-19,2025-07-24,3,12,35,0
user_243,2025-04-30,2025-07-24,80,16,42,0
user_244,2025-05-23,2025-06-03,20,88,22,1
user_245,2025-06-27,2025-07-07,31,19,4,1
user_246,2025-05-16,2025-05-17,17,80,25,1
user_247,2025-07-08,2025-07-25,61,96,47,1
user_248,2025-05-12,2025-07-24,86,100,2,0
user_249,2025-05-12,2025-07-24,15,115,27,0
user_250,2025-05-25,2025-07-24,73,42,1,0
user_251,2025-06-23,2025-07-24,28,67,29,0
user_252,2025-05-25,2025-07-24,60,140,4,0
user_253,2025-06-02,2025-07-24,90,110,20,0
user_254,2025-06-30,2025-07-24,33,149,36,0
user_255,2025-07-12,2025-07-24,48,179,27,0
user_256,2025-07-12,2025-07-24,22,51,36,0
user_257,2025-05-01,2025-06-17,78,48,25,1
user_258,2025-05-30,2025-07-24,78,49,45,0
user_259,2025-06-09,2025-07-24,15,25,40,0
user_260,2025-05-31,2025-07-24,21,161,26,0
user_261,2025-06-02,2025-06-18,40,102,18,1
user_262,2025-05-26,2025-07-24,14,163,7,0
user_263,2025-07-18,2025-07-26,75,179,25,1
user_264,2025-04-29,2025-04-30,4,66,1,1
user_265,2025-05-02,2025-07-24,40,132,20,0
user_266,2025-05-03,2025-07-24,74,154,10,0
user_267,2025-07-12,2025-07-24,87,41,39,0
user_268,2025-07-17,2025-07-24,49,64,29,0
user_269,2025-06-03,2025-07-24,51,123,44,0
user_270,2025-06-11,2025-06-26,26,168,23,1
user_271,2025-07-11,2025-07-16,10,70,5,1
user_272,2025-06-23,2025-07-24,76,122,27,0
user_273,2025-06-30,2025-07-24,89,70,6,0
user_274,2025-06-30,2025-07-24,81,175,15,0
user_275,2025-05-17,2025-07-24,32,7,27,0
user_276,2025-05-28,2025-07-24,14,124,37,0
user_277,2025-07-07,2025-07-24,90,78,25,0
user_278,2025-05-31,2025-07-24,39,178,33,0
user_279,2025-07-01,2025-07-24,88,144,5,0
user_280,2025-06-19,2025-07-24,77,45,25,0
user_281,2025-05-26,2025-07-24,16,23,19,0
user_282,2025-06-23,2025-07-24,73,118,47,0
user_283,2025-07-15,2025-07-24,6,93,21,0
user_284,2025-05-29,2025-07-24,45,155,14,0
user_285,2025-05-15,2025-07-24,69,81,21,0
user_286,2025-07-12,2025-07-23,55,168,49,1
user_287,2025-07-18,2025-09-08,85,113,10,1
user_288,2025-05-02,2025-07-24,48,181,4,0
user_289,2025-05-16,2025-07-24,9,69,32,0
user_290,2025-07-23,2025-07-24,65,121,40,0
user_291,2025-07-13,2025-07-24,83,82,7,0
user_292,2025-06-24,2025-07-24,44,55,33,0
user_293,2025-07-03,2025-07-24,2,103,32,0
user_294,2025-06-02,2025-07-24,54,128,12,0
user_295,2025-05-23,2025-07-24,63,32,49,0
user_296,2025-05-24,2025-07-24,14,65,22,0
user_297,2025-06-27,2025-08-10,56,102,22,1
user_298,2025-06-03,2025-07-24,47,151,46,0
user_299,2025-07-17,2025-07-24,82,96,41,0
user_300,2025-07-03,2025-07-24,59,152,9,0
user_301,2025-06-06,2025-07-24,20,80,15,0
user_302,2025-07-24,2025-07-24,56,184,6,0
user_303,2025-06-05,2025-07-24,23,80,9,0
user_304,2025-06-21,2025-08-25,67,10,16,1
user_305,2025-05-27,2025-07-24,84,173,12,0
user_306,2025-06-18,2025-07-24,35,106,11,0
user_307,2025-05-31,2025-07-24,79,75,38,0
user_308,2025-04-26,2025-07-24,69,7,9,0
user_309,2025-05-14,2025-07-24,62,149,48,0
user_310,2025-05-01,2025-06-30,60,180,48,1
user_311,2025-05-23,2025-07-24,56,195,41,0
user_312,2025-07-05,2025-07-24,76,17,4,0
user_313,2025-06-30,2025-07-24,35,160,11,0
user_314,2025-06-17,2025-07-24,42,195,49,0
user_315,2025-06-27,2025-07-24,32,132,40,0
user_316,2025-07-17,2025-07-24,12,78,31,0
user_317,2025-05-11,2025-07-24,36,63,29,0
user_318,2025-05-16,2025-07-24,58,160,48,0
user_319,2025-07-17,2025-08-06,32,95,36,1
user_320,2025-06-14,2025-07-24,60,61,48,0
user_321,2025-07-17,2025-07-24,73,167,37,0
user_322,2025-07-18,2025-07-24,79,53,28,0
user_323,2025-05-11,2025-07-24,86,163,43,0
user_324,2025-05-24,2025-07-24,49,69,36,0
user_325,2025-05-21,2025-05-29,44,178,41,1
user_326,2025-05-18,2025-07-24,4,198,40,0
user_327,2025-07-04,2025-07-24,64,189,39,0
user_328,2025-07-17,2025-07-24,42,173,20,0
user_329,2025-05-20,2025-07-24,24,179,40,0
user_330,2025-07-14,2025-07-24,63,40,20,0
user_331,2025-07-01,2025-07-24,28,165,9,0
user_332,2025-07-16,2025-07-24,46,29,28,0
user_333,2025-05-09,2025-07-24,34,165,4,0
user_334,2025-07-16,2025-07-24,44,170,30,0
user_335,2025-04-29,2025-07-24,36,15,28,0
user_336,2025-06-24,2025-07-24,77,84,40,0
user_337,2025-06-03,2025-07-24,90,117,19,0
user_338,2025-07-09,2025-07-24,36,13,50,0
user_339,2025-05-13,2025-06-20,72,153,17,1
user_340,2025-06-23,2025-07-24,2,98,37,0
user_341,2025-05-11,2025-06-28,67,192,3,1
user_342,2025-05-09,2025-07-24,25,38,22,0
user_343,2025-07-19,2025-07-24,11,28,32,0
user_344,2025-05-06,2025-07-24,31,80,4,0
user_345,2025-07-14,2025-07-24,53,88,19,0
user_346,2025-06-01,2025-07-24,63,196,29,0
user_347,2025-05-01,2025-05-30,72,111,28,1
user_348,2025-05-11,2025-07-24,31,49,2,0
user_349,2025-05-13,2025-07-24,89,56,3,0
user_350,2025-05-19,2025-07-24,61,38,23,0
user_351,2025-06-14,2025-07-24,83,143,18,0
user_352,2025-06-21,2025-07-24,63,98,4,0
user_353,2025-06-28,2025-07-24,58,140,41,0
user_354,2025-04-30,2025-05-01,3,133,5,1
user_355,2025-06-14,2025-07-24,12,74,39,0
user_356,2025-06-24,2025-07-24,38,47,38,0
user_357,2025-06-21,2025-06-26,29,70,32,1
user_358,2025-06-04,2025-07-05,52,128,24,1
user_359,2025-07-08,2025-07-24,89,80,29,0
user_360,2025-04-30,2025-07-24,32,196,37,0
user_361,2025-05-03,2025-07-24,40,91,35,0
user_362,2025-06-16,2025-07-24,85,34,50,0
user_363,2025-05-27,2025-07-24,75,124,47,0
user_364,2025-06-14,2025-07-24,48,24,2,0
user_365,2025-07-15,2025-07-24,61,41,28,0
user_366,2025-07-23,2025-08-12,71,198,36,1
user_367,2025-05-27,2025-07-24,68,62,41,0
user_368,2025-05-06,2025-07-24,45,178,12,0
user_369,2025-05-13,2025-07-24,55,190,20,0
user_370,2025-07-12,2025-07-24,71,177,38,0
user_371,2025-07-15,2025-07-24,43,106,30,0
user_372,2025-05-17,2025-07-24,46,147,32,0
user_373,2025-06-27,2025-07-24,90,98,9,0
user_374,2025-05-21,2025-07-24,59,28,3,0
user_375,2025-06-21,2025-07-24,35,106,28,0
user_376,2025-07-08,2025-07-24,40,8,6,0
user_377,2025-06-10,2025-07-24,33,72,21,0
user_378,2025-07-16,2025-07-24,30,142,45,0
user_379,2025-06-23,2025-07-24,16,36,5,0
user_380,2025-06-07,2025-07-24,25,121,32,0
user_381,2025-06-18,2025-07-24,41,99,41,0
user_382,2025-07-04,2025-07-24,16,177,11,0
user_383,2025-05-29,2025-07-27,69,196,2,1
user_384,2025-05-16,2025-07-24,89,177,15,0
user_385,2025-04-25,2025-07-24,24,72,45,0
user_386,2025-06-16,2025-07-24,25,154,28,0
user_387,2025-05-07,2025-07-24,28,102,28,0
user_388,2025-05-02,2025-07-24,62,168,33,0
user_389,2025-05-18,2025-07-24,36,100,33,0
user_390,2025-07-23,2025-07-24,76,32,39,0
user_391,2025-04-30,2025-06-17,68,177,10,1
user_392,2025-05-15,2025-07-24,77,64,23,0
user_393,2025-06-16,2025-07-24,37,125,23,0
user_394,2025-05-01,2025-07-24,13,11,18,0
user_395,2025-07-11,2025-07-25,25,163,24,1
user_396,2025-07-07,2025-07-24,38,148,26,0
user_397,2025-06-21,2025-07-14,30,88,49,1
user_398,2025-07-10,2025-07-24,47,161,21,0
user_399,2025-07-11,2025-07-29,23,61,43,1
user_400,2025-05-15,2025-06-15,39,170,38,1
user_401,2025-07-05,2025-07-06,2,21,3,1
user_402,2025-06-20,2025-07-22,69,167,50,1
user_403,2025-06-18,2025-07-24,17,123,40,0
user_404,2025-05-08,2025-07-24,36,184,41,0
user_405,2025-06-28,2025-07-24,6,82,21,0
user_406,2025-06-11,2025-07-24,7,171,4,0
user_407,2025-06-28,2025-07-24,71,109,21,0
user_408,2025-04-28,2025-07-24,38,34,6,0
user_409,2025-05-04,2025-07-31,90,40,35,1
user_410,2025-06-21,2025-06-24,17,16,43,1
user_411,2025-05-21,2025-07-24,82,14,24,0
user_412,2025-05-23,2025-07-24,63,82,18,0
user_413,2025-06-22,2025-07-24,14,131,16,0
user_414,2025-07-18,2025-07-24,2,34,46,0
user_415,2025-07-13,2025-07-24,74,29,42,0
user_416,2025-05-04,2025-06-07,37,65,38,1
user_417,2025-05-31,2025-07-24,61,142,9,0
user_418,2025-06-19,2025-07-24,62,39,21,0
user_419,2025-07-19,2025-07-24,57,104,5,0
user_420,2025-07-24,2025-07-24,44,121,37,0
user_421,2025-06-12,2025-07-24,24,99,42,0
user_422,2025-07-08,2025-07-24,7,176,9,0
user_423,2025-05-04,2025-07-24,33,195,22,0
user_424,2025-06-21,2025-07-24,62,183,19,0
user_425,2025-07-04,2025-07-12,15,143,41,1
user_426,2025-05-29,2025-07-24,9,112,44,0
user_427,2025-05-15,2025-07-24,52,155,42,0
user_428,2025-04-25,2025-07-24,63,195,25,0
user_429,2025-05-31,2025-07-24,10,191,8,0
user_430,2025-05-14,2025-07-24,74,44,38,0
user_431,2025-07-23,2025-07-24,81,111,45,0
user_432,2025-07-10,2025-07-24,88,172,5,0
user_433,2025-07-15,2025-07-24,7,30,19,0
user_434,2025-04-27,2025-07-24,20,130,35,0
user_435,2025-07-05,2025-07-24,20,162,24,0
user_436,2025-05-16,2025-07-24,73,109,41,0
user_437,2025-07-20,2025-07-24,39,76,50,0
user_438,2025-06-07,2025-07-24,11,13,21,0
user_439,2025-05-11,2025-06-04,32,181,8,1
user_440,2025-05-15,2025-07-24,16,99,42,0
user_441,2025-07-06,2025-07-24,72,60,44,0
user_442,2025-05-30,2025-07-24,54,118,47,0
user_443,2025-07-08,2025-07-24,78,118,43,0
user_444,2025-07-19,2025-07-24,77,65,33,0
user_445,2025-06-15,2025-07-24,80,97,5,0
user_446,2025-06-08,2025-07-24,29,30,41,0
user_447,2025-07-19,2025-07-24,67,180,42,0
user_448,2025-06-09,2025-07-24,49,99,27,0
user_449,2025-06-28,2025-07-24,58,144,32,0
user_450,2025-04-28,2025-07-24,57,170,23,0
user_451,2025-06-23,2025-07-24,39,96,1,0
user_452,2025-04-30,2025-07-24,76,20,23,0
user_453,2025-07-11,2025-07-24,55,106,19,0
user_454,2025-06-09,2025-07-24,40,75,11,0
user_455,2025-05-14,2025-07-24,73,53,13,0
user_456,2025-06-02,2025-07-24,80,36,21,0
user_457,2025-05-06,2025-05-08,8,121,49,1
user_458,2025-07-05,2025-07-24,79,28,31,0
user_459,2025-06-24,2025-07-24,13,174,12,0
user_460,2025-07-04,2025-07-24,27,59,14,0
user_461,2025-07-02,2025-07-24,81,169,8,0
user_462,2025-06-02,2025-07-24,28,168,9,0
user_463,2025-07-21,2025-07-24,34,157,4,0
user_464,2025-07-02,2025-09-13,85,10,18,1
user_465,2025-06-12,2025-07-24,11,17,50,0
user_466,2025-06-02,2025-07-24,21,90,6,0
user_467,2025-04-30,2025-05-04,31,67,32,1
user_468,2025-06-23,2025-07-24,23,37,49,0
user_469,2025-06-20,2025-06-28,71,149,34,1
user_470,2025-07-04,2025-07-24,10,57,47,0
user_471,2025-04-26,2025-07-24,21,22,33,0
user_472,2025-07-11,2025-07-12,1,200,2,1
user_473,2025-06-06,2025-07-24,53,146,42,0
user_474,2025-07-20,2025-07-24,58,58,21,0
user_475,2025-05-25,2025-07-24,89,155,49,0
user_476,2025-06-26,2025-09-08,77,60,39,1
user_477,2025-06-29,2025-07-24,61,64,8,0
user_478,2025-05-27,2025-07-24,38,89,38,0
user_479,2025-06-10,2025-07-24,5,42,24,0
user_480,2025-06-15,2025-07-24,30,157,9,0
user_481,2025-06-25,2025-07-30,37,5,10,1
user_482,2025-06-26,2025-07-24,37,75,11,0
user_483,2025-07-21,2025-07-24,90,42,44,0
user_484,2025-05-01,2025-07-24,59,38,49,0
user_485,2025-06-30,2025-07-24,10,143,39,0
user_486,2025-06-03,2025-07-24,88,69,10,0
user_487,2025-06-12,2025-06-17,30,49,46,1
user_488,2025-06-19,2025-07-24,34,33,28,0
user_489,2025-07-16,2025-08-07,81,174,2,1
user_490,2025-06-19,2025-07-24,76,11,26,0
user_491,2025-06-10,2025-07-24,85,38,23,0
user_492,2025-05-03,2025-07-24,26,8,43,0
user_493,2025-05-20,2025-07-24,55,96,46,0
user_494,2025-06-03,2025-07-24,15,65,15,0
user_495,2025-04-29,2025-07-24,70,155,28,0
user_496,2025-05-17,2025-07-24,29,87,39,0
user_497,2025-06-12,2025-07-24,83,9,18,0
user_498,2025-07-21,2025-08-01,20,49,48,1
user_499,2025-07-10,2025-07-24,35,72,47,0
user_500,2025-06-21,2025-07-08,19,18,50,1
